{"my_field1" : 4646464, "my_field2" : 654, "my_field3" : "test0"}
{"my_field1" : 4646464, "my_field2" : 654, "my_field3" : "test1"}
{"my_field1" : 4646464, "my_field2" : 654, "my_field3" : "test2"}
{"my_field1" : 4646464, "my_field2" : 654, "my_field3" : "test3"}
{"my_field1" : 4646464, "my_field2" : 654, "my_field3" : "test4"}
{"my_field1" : 4646464, "my_field2" : 654, "my_field3" : "test5"}
{"my_field1" : 4646464, "my_field2" : 654, "my_field3" : "test6"}
{"my_field1" : 4646464, "my_field2" : 654, "my_field3" : "test7"}
{"my_field1" : 4646464, "my_field2" : 654, "my_field3" : "test8"}
{"my_field1" : 4646464, "my_field2" : 654, "my_field3" : "test9"}
{"my_field1" : 4646464, "my_field2" : 654, "my_field3" : "test10"}
{"my_field1" : 4646464, "my_field2" : 654, "my_field3" : "test11"}
{"my_field1" : 4646464, "my_field2" : 654, "my_field3" : "test12"}
{"my_field1" : 4646464, "my_field2" : 654, "my_field3" : "test13"}
{"my_field1" : 4646464, "my_field2" : 654, "my_field3" : "test14"}
{"my_field1" : 4646464, "my_field2" : 654, "my_field3" : "test15"}
{"my_field1" : 4646464, "my_field2" : 654, "my_field3" : "test16"}
{"my_field1" : 4646464, "my_field2" : 654, "my_field3" : "test17"}
{"my_field1" : 4646464, "my_field2" : 654, "my_field3" : "test18"}
{"my_field1" : 4646464, "my_field2" : 654, "my_field3" : "test19"}
{"my_field1" : 4646464, "my_field2" : 654, "my_field3" : "test20"}
{"my_field1" : 4646464, "my_field2" : 654, "my_field3" : "test21"}
{"my_field1" : 4646464, "my_field2" : 654, "my_field3" : "test22"}
{"my_field1" : 4646464, "my_field2" : 654, "my_field3" : "test23"}
{"my_field1" : 4646464, "my_field2" : 654, "my_field3" : "test24"}
{"my_field1" : 4646464, "my_field2" : 654, "my_field3" : "test25"}
{"my_field1" : 4646464, "my_field2" : 654, "my_field3" : "test26"}
{"my_field1" : 4646464, "my_field2" : 654, "my_field3" : "test27"}
{"my_field1" : 4646464, "my_field2" : 654, "my_field3" : "test28"}
{"my_field1" : 4646464, "my_field2" : 654, "my_field3" : "test29"}

